[
  {"name": "Tokyo", "country": "Japan", "lat": 35.6762, "lng": 139.6503},
  {"name": "Delhi", "country": "India", "lat": 28.7041, "lng": 77.1025},
  {"name": "Shanghai", "country": "China", "lat": 31.2304, "lng": 121.4737},
  {"name": "São Paulo", "country": "Brazil", "lat": -23.5505, "lng": -46.6333},
  {"name": "Mexico City", "country": "Mexico", "lat": 19.4326, "lng": -99.1332},
  {"name": "Cairo", "country": "Egypt", "lat": 30.0444, "lng": 31.2357},
  {"name": "Mumbai", "country": "India", "lat": 19.0760, "lng": 72.8777},
  {"name": "Beijing", "country": "China", "lat": 39.9042, "lng": 116.4074},
  {"name": "Dhaka", "country": "Bangladesh", "lat": 23.8103, "lng": 90.4125},
  {"name": "Osaka", "country": "Japan", "lat": 34.6937, "lng": 135.5023},
  {"name": "New York", "country": "USA", "lat": 40.7128, "lng": -74.0060},
  {"name": "Karachi", "country": "Pakistan", "lat": 24.8607, "lng": 67.0011},
  {"name": "Buenos Aires", "country": "Argentina", "lat": -34.6037, "lng": -58.3816},
  {"name": "Chongqing", "country": "China", "lat": 29.4316, "lng": 106.9123},
  {"name": "Istanbul", "country": "Turkey", "lat": 41.0082, "lng": 28.9784},
  {"name": "Kolkata", "country": "India", "lat": 22.5726, "lng": 88.3639},
  {"name": "Manila", "country": "Philippines", "lat": 14.5995, "lng": 120.9842},
  {"name": "Lagos", "country": "Nigeria", "lat": 6.5244, "lng": 3.3792},
  {"name": "Rio de Janeiro", "country": "Brazil", "lat": -22.9068, "lng": -43.1729},
  {"name": "Tianjin", "country": "China", "lat": 39.3434, "lng": 117.3616},
  {"name": "Kinshasa", "country": "DR Congo", "lat": -4.4419, "lng": 15.2663},
  {"name": "Guangzhou", "country": "China", "lat": 23.1291, "lng": 113.2644},
  {"name": "Los Angeles", "country": "USA", "lat": 34.0522, "lng": -118.2437},
  {"name": "Moscow", "country": "Russia", "lat": 55.7558, "lng": 37.6173},
  {"name": "Shenzhen", "country": "China", "lat": 22.5431, "lng": 114.0579},
  {"name": "Lahore", "country": "Pakistan", "lat": 31.5204, "lng": 74.3587},
  {"name": "Bangalore", "country": "India", "lat": 12.9716, "lng": 77.5946},
  {"name": "Paris", "country": "France", "lat": 48.8566, "lng": 2.3522},
  {"name": "Bogotá", "country": "Colombia", "lat": 4.7110, "lng": -74.0721},
  {"name": "Jakarta", "country": "Indonesia", "lat": -6.2088, "lng": 106.8456},
  {"name": "Chennai", "country": "India", "lat": 13.0827, "lng": 80.2707},
  {"name": "Lima", "country": "Peru", "lat": -12.0464, "lng": -77.0428},
  {"name": "Bangkok", "country": "Thailand", "lat": 13.7563, "lng": 100.5018},
  {"name": "Seoul", "country": "South Korea", "lat": 37.5665, "lng": 126.9780},
  {"name": "Nagoya", "country": "Japan", "lat": 35.1815, "lng": 136.9066},
  {"name": "Hyderabad", "country": "India", "lat": 17.3850, "lng": 78.4867},
  {"name": "London", "country": "UK", "lat": 51.5074, "lng": -0.1278},
  {"name": "Tehran", "country": "Iran", "lat": 35.6892, "lng": 51.3890},
  {"name": "Chicago", "country": "USA", "lat": 41.8781, "lng": -87.6298},
  {"name": "Chengdu", "country": "China", "lat": 30.5728, "lng": 104.0668},
  {"name": "Nanjing", "country": "China", "lat": 32.0603, "lng": 118.7969},
  {"name": "Wuhan", "country": "China", "lat": 30.5928, "lng": 114.3055},
  {"name": "Ho Chi Minh City", "country": "Vietnam", "lat": 10.8231, "lng": 106.6297},
  {"name": "Luanda", "country": "Angola", "lat": -8.8390, "lng": 13.2894},
  {"name": "Ahmedabad", "country": "India", "lat": 23.0225, "lng": 72.5714},
  {"name": "Kuala Lumpur", "country": "Malaysia", "lat": 3.1390, "lng": 101.6869},
  {"name": "Xi'an", "country": "China", "lat": 34.3416, "lng": 108.9398},
  {"name": "Hong Kong", "country": "China", "lat": 22.3193, "lng": 114.1694},
  {"name": "Dongguan", "country": "China", "lat": 23.0489, "lng": 113.7447},
  {"name": "Hangzhou", "country": "China", "lat": 30.2741, "lng": 120.1551},
  {"name": "Foshan", "country": "China", "lat": 23.0218, "lng": 113.1219},
  {"name": "Shenyang", "country": "China", "lat": 41.8057, "lng": 123.4315},
  {"name": "Riyadh", "country": "Saudi Arabia", "lat": 24.7136, "lng": 46.6753},
  {"name": "Baghdad", "country": "Iraq", "lat": 33.3152, "lng": 44.3661},
  {"name": "Santiago", "country": "Chile", "lat": -33.4489, "lng": -70.6693},
  {"name": "Surat", "country": "India", "lat": 21.1702, "lng": 72.8311},
  {"name": "Madrid", "country": "Spain", "lat": 40.4168, "lng": -3.7038},
  {"name": "Suzhou", "country": "China", "lat": 31.2990, "lng": 120.5853},
  {"name": "Pune", "country": "India", "lat": 18.5204, "lng": 73.8567},
  {"name": "Harbin", "country": "China", "lat": 45.8038, "lng": 126.5350},
  {"name": "Houston", "country": "USA", "lat": 29.7604, "lng": -95.3698},
  {"name": "Dallas", "country": "USA", "lat": 32.7767, "lng": -96.7970},
  {"name": "Toronto", "country": "Canada", "lat": 43.6532, "lng": -79.3832},
  {"name": "Dar es Salaam", "country": "Tanzania", "lat": -6.7924, "lng": 39.2083},
  {"name": "Miami", "country": "USA", "lat": 25.7617, "lng": -80.1918},
  {"name": "Belo Horizonte", "country": "Brazil", "lat": -19.9167, "lng": -43.9345},
  {"name": "Singapore", "country": "Singapore", "lat": 1.3521, "lng": 103.8198},
  {"name": "Philadelphia", "country": "USA", "lat": 39.9526, "lng": -75.1652},
  {"name": "Atlanta", "country": "USA", "lat": 33.7490, "lng": -84.3880},
  {"name": "Fukuoka", "country": "Japan", "lat": 33.5904, "lng": 130.4017},
  {"name": "Khartoum", "country": "Sudan", "lat": 15.5007, "lng": 32.5599},
  {"name": "Barcelona", "country": "Spain", "lat": 41.3851, "lng": 2.1734},
  {"name": "Johannesburg", "country": "South Africa", "lat": -26.2041, "lng": 28.0473},
  {"name": "Saint Petersburg", "country": "Russia", "lat": 59.9311, "lng": 30.3609},
  {"name": "Qingdao", "country": "China", "lat": 36.0671, "lng": 120.3826},
  {"name": "Dalian", "country": "China", "lat": 38.9140, "lng": 121.6147},
  {"name": "Washington", "country": "USA", "lat": 38.9072, "lng": -77.0369},
  {"name": "Yangon", "country": "Myanmar", "lat": 16.8661, "lng": 96.1951},
  {"name": "Alexandria", "country": "Egypt", "lat": 31.2001, "lng": 29.9187},
  {"name": "Jinan", "country": "China", "lat": 36.6512, "lng": 117.1201},
  {"name": "Guadalajara", "country": "Mexico", "lat": 20.6597, "lng": -103.3496},
  {"name": "Boston", "country": "USA", "lat": 42.3601, "lng": -71.0589},
  {"name": "Phoenix", "country": "USA", "lat": 33.4484, "lng": -112.0740},
  {"name": "Sydney", "country": "Australia", "lat": -33.8688, "lng": 151.2093},
  {"name": "Melbourne", "country": "Australia", "lat": -37.8136, "lng": 144.9631},
  {"name": "San Francisco", "country": "USA", "lat": 37.7749, "lng": -122.4194},
  {"name": "Monterrey", "country": "Mexico", "lat": 25.6866, "lng": -100.3161},
  {"name": "Detroit", "country": "USA", "lat": 42.3314, "lng": -83.0458},
  {"name": "Casablanca", "country": "Morocco", "lat": 33.5731, "lng": -7.5898},
  {"name": "Berlin", "country": "Germany", "lat": 52.5200, "lng": 13.4050},
  {"name": "Rome", "country": "Italy", "lat": 41.9028, "lng": 12.4964},
  {"name": "Milan", "country": "Italy", "lat": 45.4642, "lng": 9.1900},
  {"name": "Seattle", "country": "USA", "lat": 47.6062, "lng": -122.3321},
  {"name": "Jeddah", "country": "Saudi Arabia", "lat": 21.4858, "lng": 39.1925},
  {"name": "Cape Town", "country": "South Africa", "lat": -33.9249, "lng": 18.4241},
  {"name": "Nairobi", "country": "Kenya", "lat": -1.2921, "lng": 36.8219},
  {"name": "Taipei", "country": "Taiwan", "lat": 25.0330, "lng": 121.5654},
  {"name": "Kunming", "country": "China", "lat": 25.0389, "lng": 102.7183},
  {"name": "Changsha", "country": "China", "lat": 28.2282, "lng": 112.9388},
  {"name": "Denver", "country": "USA", "lat": 39.7392, "lng": -104.9903},
  {"name": "Kabul", "country": "Afghanistan", "lat": 34.5553, "lng": 69.2075},
  {"name": "Medellín", "country": "Colombia", "lat": 6.2442, "lng": -75.5812},
  {"name": "Amsterdam", "country": "Netherlands", "lat": 52.3676, "lng": 4.9041},
  {"name": "Dubai", "country": "UAE", "lat": 25.2048, "lng": 55.2708},
  {"name": "Abu Dhabi", "country": "UAE", "lat": 24.4539, "lng": 54.3773},
  {"name": "Vienna", "country": "Austria", "lat": 48.2082, "lng": 16.3738},
  {"name": "Ankara", "country": "Turkey", "lat": 39.9334, "lng": 32.8597},
  {"name": "Brussels", "country": "Belgium", "lat": 50.8503, "lng": 4.3517},
  {"name": "Munich", "country": "Germany", "lat": 48.1351, "lng": 11.5820},
  {"name": "Prague", "country": "Czech Republic", "lat": 50.0755, "lng": 14.4378},
  {"name": "Warsaw", "country": "Poland", "lat": 52.2297, "lng": 21.0122},
  {"name": "Budapest", "country": "Hungary", "lat": 47.4979, "lng": 19.0402},
  {"name": "Stockholm", "country": "Sweden", "lat": 59.3293, "lng": 18.0686},
  {"name": "Copenhagen", "country": "Denmark", "lat": 55.6761, "lng": 12.5683},
  {"name": "Oslo", "country": "Norway", "lat": 59.9139, "lng": 10.7522},
  {"name": "Helsinki", "country": "Finland", "lat": 60.1699, "lng": 24.9384},
  {"name": "Lisbon", "country": "Portugal", "lat": 38.7223, "lng": -9.1393},
  {"name": "Dublin", "country": "Ireland", "lat": 53.3498, "lng": -6.2603},
  {"name": "Athens", "country": "Greece", "lat": 37.9838, "lng": 23.7275},
  {"name": "Zurich", "country": "Switzerland", "lat": 47.3769, "lng": 8.5417},
  {"name": "Geneva", "country": "Switzerland", "lat": 46.2044, "lng": 6.1432},
  {"name": "Vancouver", "country": "Canada", "lat": 49.2827, "lng": -123.1207},
  {"name": "Montreal", "country": "Canada", "lat": 45.5017, "lng": -73.5673},
  {"name": "Ottawa", "country": "Canada", "lat": 45.4215, "lng": -75.6972},
  {"name": "Brisbane", "country": "Australia", "lat": -27.4698, "lng": 153.0251},
  {"name": "Perth", "country": "Australia", "lat": -31.9505, "lng": 115.8605},
  {"name": "Auckland", "country": "New Zealand", "lat": -36.8485, "lng": 174.7633},
  {"name": "Wellington", "country": "New Zealand", "lat": -41.2865, "lng": 174.7762},
  {"name": "Hanoi", "country": "Vietnam", "lat": 21.0285, "lng": 105.8542},
  {"name": "Phnom Penh", "country": "Cambodia", "lat": 11.5564, "lng": 104.9282},
  {"name": "Vientiane", "country": "Laos", "lat": 17.9757, "lng": 102.6331},
  {"name": "Kathmandu", "country": "Nepal", "lat": 27.7172, "lng": 85.3240},
  {"name": "Colombo", "country": "Sri Lanka", "lat": 6.9271, "lng": 79.8612},
  {"name": "Male", "country": "Maldives", "lat": 4.1755, "lng": 73.5093},
  {"name": "Thimphu", "country": "Bhutan", "lat": 27.4728, "lng": 89.6390},
  {"name": "Ulaanbaatar", "country": "Mongolia", "lat": 47.8864, "lng": 106.9057},
  {"name": "Pyongyang", "country": "North Korea", "lat": 39.0392, "lng": 125.7625},
  {"name": "Bishkek", "country": "Kyrgyzstan", "lat": 42.8746, "lng": 74.5698},
  {"name": "Tashkent", "country": "Uzbekistan", "lat": 41.2995, "lng": 69.2401},
  {"name": "Dushanbe", "country": "Tajikistan", "lat": 38.5598, "lng": 68.7740},
  {"name": "Ashgabat", "country": "Turkmenistan", "lat": 37.9601, "lng": 58.3261},
  {"name": "Baku", "country": "Azerbaijan", "lat": 40.4093, "lng": 49.8671},
  {"name": "Tbilisi", "country": "Georgia", "lat": 41.7151, "lng": 44.8271},
  {"name": "Yerevan", "country": "Armenia", "lat": 40.1792, "lng": 44.4991},
  {"name": "Minsk", "country": "Belarus", "lat": 53.9006, "lng": 27.5590},
  {"name": "Kyiv", "country": "Ukraine", "lat": 50.4501, "lng": 30.5234},
  {"name": "Chisinau", "country": "Moldova", "lat": 47.0105, "lng": 28.8638},
  {"name": "Bucharest", "country": "Romania", "lat": 44.4268, "lng": 26.1025},
  {"name": "Sofia", "country": "Bulgaria", "lat": 42.6977, "lng": 23.3219},
  {"name": "Belgrade", "country": "Serbia", "lat": 44.7866, "lng": 20.4489},
  {"name": "Zagreb", "country": "Croatia", "lat": 45.8150, "lng": 15.9819},
  {"name": "Ljubljana", "country": "Slovenia", "lat": 46.0569, "lng": 14.5058},
  {"name": "Sarajevo", "country": "Bosnia", "lat": 43.8563, "lng": 18.4131},
  {"name": "Skopje", "country": "North Macedonia", "lat": 41.9973, "lng": 21.4280},
  {"name": "Tirana", "country": "Albania", "lat": 41.3275, "lng": 19.8187},
  {"name": "Podgorica", "country": "Montenegro", "lat": 42.4304, "lng": 19.2594},
  {"name": "Pristina", "country": "Kosovo", "lat": 42.6629, "lng": 21.1655},
  {"name": "Bratislava", "country": "Slovakia", "lat": 48.1486, "lng": 17.1077},
  {"name": "Riga", "country": "Latvia", "lat": 56.9496, "lng": 24.1052},
  {"name": "Vilnius", "country": "Lithuania", "lat": 54.6872, "lng": 25.2797},
  {"name": "Tallinn", "country": "Estonia", "lat": 59.4370, "lng": 24.7536},
  {"name": "Reykjavik", "country": "Iceland", "lat": 64.1466, "lng": -21.9426},
  {"name": "Valletta", "country": "Malta", "lat": 35.8989, "lng": 14.5146},
  {"name": "Nicosia", "country": "Cyprus", "lat": 35.1856, "lng": 33.3823},
  {"name": "Amman", "country": "Jordan", "lat": 31.9454, "lng": 35.9284},
  {"name": "Beirut", "country": "Lebanon", "lat": 33.8938, "lng": 35.5018},
  {"name": "Damascus", "country": "Syria", "lat": 33.5138, "lng": 36.2765},
  {"name": "Jerusalem", "country": "Israel", "lat": 31.7683, "lng": 35.2137},
  {"name": "Tel Aviv", "country": "Israel", "lat": 32.0853, "lng": 34.7818},
  {"name": "Kuwait City", "country": "Kuwait", "lat": 29.3759, "lng": 47.9774},
  {"name": "Manama", "country": "Bahrain", "lat": 26.2285, "lng": 50.5860},
  {"name": "Doha", "country": "Qatar", "lat": 25.2854, "lng": 51.5310},
  {"name": "Muscat", "country": "Oman", "lat": 23.5880, "lng": 58.3829},
  {"name": "Sanaa", "country": "Yemen", "lat": 15.3694, "lng": 44.1910},
  {"name": "Addis Ababa", "country": "Ethiopia", "lat": 9.0320, "lng": 38.7469},
  {"name": "Mogadishu", "country": "Somalia", "lat": 2.0469, "lng": 45.3182},
  {"name": "Kampala", "country": "Uganda", "lat": 0.3476, "lng": 32.5825},
  {"name": "Kigali", "country": "Rwanda", "lat": -1.9403, "lng": 29.8739},
  {"name": "Bujumbura", "country": "Burundi", "lat": -3.3822, "lng": 29.3644},
  {"name": "Lusaka", "country": "Zambia", "lat": -15.3875, "lng": 28.3228},
  {"name": "Harare", "country": "Zimbabwe", "lat": -17.8252, "lng": 31.0335},
  {"name": "Maputo", "country": "Mozambique", "lat": -25.9692, "lng": 32.5732},
  {"name": "Antananarivo", "country": "Madagascar", "lat": -18.8792, "lng": 47.5079},
  {"name": "Port Louis", "country": "Mauritius", "lat": -20.1609, "lng": 57.5012},
  {"name": "Windhoek", "country": "Namibia", "lat": -22.5609, "lng": 17.0658},
  {"name": "Gaborone", "country": "Botswana", "lat": -24.6282, "lng": 25.9231},
  {"name": "Pretoria", "country": "South Africa", "lat": -25.7461, "lng": 28.1881},
  {"name": "Durban", "country": "South Africa", "lat": -29.8587, "lng": 31.0218},
  {"name": "Accra", "country": "Ghana", "lat": 5.6037, "lng": -0.1870},
  {"name": "Abidjan", "country": "Ivory Coast", "lat": 5.3600, "lng": -4.0083},
  {"name": "Dakar", "country": "Senegal", "lat": 14.7167, "lng": -17.4677},
  {"name": "Bamako", "country": "Mali", "lat": 12.6392, "lng": -8.0029},
  {"name": "Ouagadougou", "country": "Burkina Faso", "lat": 12.3714, "lng": -1.5197},
  {"name": "Niamey", "country": "Niger", "lat": 13.5127, "lng": 2.1128},
  {"name": "N'Djamena", "country": "Chad", "lat": 12.1348, "lng": 15.0557},
  {"name": "Yaoundé", "country": "Cameroon", "lat": 3.8480, "lng": 11.5021},
  {"name": "Libreville", "country": "Gabon", "lat": 0.4162, "lng": 9.4673},
  {"name": "Brazzaville", "country": "Congo", "lat": -4.2634, "lng": 15.2429},
  {"name": "Bangui", "country": "CAR", "lat": 4.3947, "lng": 18.5582},
  {"name": "Tripoli", "country": "Libya", "lat": 32.8872, "lng": 13.1913},
  {"name": "Tunis", "country": "Tunisia", "lat": 36.8065, "lng": 10.1815},
  {"name": "Algiers", "country": "Algeria", "lat": 36.7538, "lng": 3.0588},
  {"name": "Rabat", "country": "Morocco", "lat": 34.0209, "lng": -6.8416},
  {"name": "Marrakech", "country": "Morocco", "lat": 31.6295, "lng": -7.9811},
  {"name": "Nouakchott", "country": "Mauritania", "lat": 18.0735, "lng": -15.9582},
  {"name": "Freetown", "country": "Sierra Leone", "lat": 8.4657, "lng": -13.2317},
  {"name": "Monrovia", "country": "Liberia", "lat": 6.3156, "lng": -10.8074},
  {"name": "Conakry", "country": "Guinea", "lat": 9.6412, "lng": -13.5784},
  {"name": "Bissau", "country": "Guinea-Bissau", "lat": 11.8636, "lng": -15.5977},
  {"name": "Praia", "country": "Cape Verde", "lat": 14.9315, "lng": -23.5125},
  {"name": "Banjul", "country": "Gambia", "lat": 13.4549, "lng": -16.5790},
  {"name": "Porto-Novo", "country": "Benin", "lat": 6.4969, "lng": 2.6283},
  {"name": "Lomé", "country": "Togo", "lat": 6.1319, "lng": 1.2228},
  {"name": "Abuja", "country": "Nigeria", "lat": 9.0765, "lng": 7.3986},
  {"name": "Malabo", "country": "Equatorial Guinea", "lat": 3.7500, "lng": 8.7833},
  {"name": "São Tomé", "country": "São Tomé and Príncipe", "lat": 0.3365, "lng": 6.7273},
  {"name": "Jaipur", "country": "India", "lat": 26.9124, "lng": 75.7873},
  {"name": "Lucknow", "country": "India", "lat": 26.8467, "lng": 80.9462},
  {"name": "Kanpur", "country": "India", "lat": 26.4499, "lng": 80.3319},
  {"name": "Nagpur", "country": "India", "lat": 21.1458, "lng": 79.0882},
  {"name": "Indore", "country": "India", "lat": 22.7196, "lng": 75.8577},
  {"name": "Bhopal", "country": "India", "lat": 23.2599, "lng": 77.4126},
  {"name": "Patna", "country": "India", "lat": 25.5941, "lng": 85.1376},
  {"name": "Vadodara", "country": "India", "lat": 22.3072, "lng": 73.1812},
  {"name": "Ghaziabad", "country": "India", "lat": 28.6692, "lng": 77.4538},
  {"name": "Ludhiana", "country": "India", "lat": 30.9010, "lng": 75.8573},
  {"name": "Agra", "country": "India", "lat": 27.1767, "lng": 78.0081},
  {"name": "Nashik", "country": "India", "lat": 19.9975, "lng": 73.7898},
  {"name": "Ranchi", "country": "India", "lat": 23.3441, "lng": 85.3096},
  {"name": "Visakhapatnam", "country": "India", "lat": 17.6868, "lng": 83.2185},
  {"name": "Coimbatore", "country": "India", "lat": 11.0168, "lng": 76.9558},
  {"name": "Madurai", "country": "India", "lat": 9.9252, "lng": 78.1198},
  {"name": "Varanasi", "country": "India", "lat": 25.3176, "lng": 82.9739},
  {"name": "Meerut", "country": "India", "lat": 28.9845, "lng": 77.7064},
  {"name": "Rajkot", "country": "India", "lat": 22.3039, "lng": 70.8022},
  {"name": "Jabalpur", "country": "India", "lat": 23.1815, "lng": 79.9864},
  {"name": "Faisalabad", "country": "Pakistan", "lat": 31.4504, "lng": 73.1350},
  {"name": "Rawalpindi", "country": "Pakistan", "lat": 33.5651, "lng": 73.0169},
  {"name": "Multan", "country": "Pakistan", "lat": 30.1575, "lng": 71.5249},
  {"name": "Peshawar", "country": "Pakistan", "lat": 34.0151, "lng": 71.5249},
  {"name": "Quetta", "country": "Pakistan", "lat": 30.1798, "lng": 66.9750},
  {"name": "Islamabad", "country": "Pakistan", "lat": 33.6844, "lng": 73.0479},
  {"name": "Chittagong", "country": "Bangladesh", "lat": 22.3569, "lng": 91.7832},
  {"name": "Khulna", "country": "Bangladesh", "lat": 22.8456, "lng": 89.5403},
  {"name": "Havana", "country": "Cuba", "lat": 23.1136, "lng": -82.3666},
  {"name": "Kingston", "country": "Jamaica", "lat": 18.0179, "lng": -76.8099},
  {"name": "Port-au-Prince", "country": "Haiti", "lat": 18.5944, "lng": -72.3074},
  {"name": "Santo Domingo", "country": "Dominican Republic", "lat": 18.4861, "lng": -69.9312},
  {"name": "San Juan", "country": "Puerto Rico", "lat": 18.4655, "lng": -66.1057},
  {"name": "Nassau", "country": "Bahamas", "lat": 25.0343, "lng": -77.3963},
  {"name": "Port of Spain", "country": "Trinidad and Tobago", "lat": 10.6918, "lng": -61.2225},
  {"name": "Panama City", "country": "Panama", "lat": 8.9824, "lng": -79.5199},
  {"name": "San José", "country": "Costa Rica", "lat": 9.9281, "lng": -84.0907},
  {"name": "Managua", "country": "Nicaragua", "lat": 12.1150, "lng": -86.2362},
  {"name": "Tegucigalpa", "country": "Honduras", "lat": 14.0723, "lng": -87.1921},
  {"name": "San Salvador", "country": "El Salvador", "lat": 13.6929, "lng": -89.2182},
  {"name": "Guatemala City", "country": "Guatemala", "lat": 14.6349, "lng": -90.5069},
  {"name": "Belmopan", "country": "Belize", "lat": 17.2510, "lng": -88.7590},
  {"name": "Caracas", "country": "Venezuela", "lat": 10.4806, "lng": -66.9036},
  {"name": "Quito", "country": "Ecuador", "lat": -0.1807, "lng": -78.4678},
  {"name": "Guayaquil", "country": "Ecuador", "lat": -2.1710, "lng": -79.9223},
  {"name": "La Paz", "country": "Bolivia", "lat": -16.4897, "lng": -68.1193},
  {"name": "Sucre", "country": "Bolivia", "lat": -19.0196, "lng": -65.2619},
  {"name": "Asunción", "country": "Paraguay", "lat": -25.2637, "lng": -57.5759},
  {"name": "Montevideo", "country": "Uruguay", "lat": -34.9011, "lng": -56.1645},
  {"name": "Córdoba", "country": "Argentina", "lat": -31.4201, "lng": -64.1888},
  {"name": "Rosario", "country": "Argentina", "lat": -32.9442, "lng": -60.6505},
  {"name": "Mendoza", "country": "Argentina", "lat": -32.8895, "lng": -68.8458},
  {"name": "Recife", "country": "Brazil", "lat": -8.0476, "lng": -34.8770},
  {"name": "Salvador", "country": "Brazil", "lat": -12.9777, "lng": -38.5016},
  {"name": "Fortaleza", "country": "Brazil", "lat": -3.7172, "lng": -38.5433},
  {"name": "Brasília", "country": "Brazil", "lat": -15.7942, "lng": -47.8822},
  {"name": "Curitiba", "country": "Brazil", "lat": -25.4284, "lng": -49.2733},
  {"name": "Manaus", "country": "Brazil", "lat": -3.1190, "lng": -60.0217},
  {"name": "Porto Alegre", "country": "Brazil", "lat": -30.0346, "lng": -51.2177},
  {"name": "Belém", "country": "Brazil", "lat": -1.4558, "lng": -48.4902},
  {"name": "Goiânia", "country": "Brazil", "lat": -16.6869, "lng": -49.2648},
  {"name": "Guarulhos", "country": "Brazil", "lat": -23.4543, "lng": -46.5337},
  {"name": "Las Vegas", "country": "USA", "lat": 36.1699, "lng": -115.1398},
  {"name": "San Diego", "country": "USA", "lat": 32.7157, "lng": -117.1611},
  {"name": "San Antonio", "country": "USA", "lat": 29.4241, "lng": -98.4936},
  {"name": "Austin", "country": "USA", "lat": 30.2672, "lng": -97.7431},
  {"name": "Portland", "country": "USA", "lat": 45.5152, "lng": -122.6784},
  {"name": "Minneapolis", "country": "USA", "lat": 44.9778, "lng": -93.2650},
  {"name": "Tampa", "country": "USA", "lat": 27.9506, "lng": -82.4572},
  {"name": "Orlando", "country": "USA", "lat": 28.5383, "lng": -81.3792},
  {"name": "Cleveland", "country": "USA", "lat": 41.4993, "lng": -81.6944},
  {"name": "Pittsburgh", "country": "USA", "lat": 40.4406, "lng": -79.9959},
  {"name": "Charlotte", "country": "USA", "lat": 35.2271, "lng": -80.8431},
  {"name": "St. Louis", "country": "USA", "lat": 38.6270, "lng": -90.1994},
  {"name": "Cincinnati", "country": "USA", "lat": 39.1031, "lng": -84.5120},
  {"name": "Kansas City", "country": "USA", "lat": 39.0997, "lng": -94.5786},
  {"name": "Indianapolis", "country": "USA", "lat": 39.7684, "lng": -86.1581},
  {"name": "Nashville", "country": "USA", "lat": 36.1627, "lng": -86.7816},
  {"name": "Columbus", "country": "USA", "lat": 39.9612, "lng": -82.9988},
  {"name": "New Orleans", "country": "USA", "lat": 29.9511, "lng": -90.0715},
  {"name": "Salt Lake City", "country": "USA", "lat": 40.7608, "lng": -111.8910},
  {"name": "Baltimore", "country": "USA", "lat": 39.2904, "lng": -76.6122},
  {"name": "Milwaukee", "country": "USA", "lat": 43.0389, "lng": -87.9065},
  {"name": "Honolulu", "country": "USA", "lat": 21.3069, "lng": -157.8583},
  {"name": "Anchorage", "country": "USA", "lat": 61.2181, "lng": -149.9003},
  {"name": "Calgary", "country": "Canada", "lat": 51.0447, "lng": -114.0719},
  {"name": "Edmonton", "country": "Canada", "lat": 53.5461, "lng": -113.4938},
  {"name": "Winnipeg", "country": "Canada", "lat": 49.8951, "lng": -97.1384},
  {"name": "Quebec City", "country": "Canada", "lat": 46.8139, "lng": -71.2080},
  {"name": "Hamilton", "country": "Canada", "lat": 43.2557, "lng": -79.8711},
  {"name": "Tijuana", "country": "Mexico", "lat": 32.5149, "lng": -117.0382},
  {"name": "Puebla", "country": "Mexico", "lat": 19.0414, "lng": -98.2063},
  {"name": "León", "country": "Mexico", "lat": 21.1250, "lng": -101.6859},
  {"name": "Sapporo", "country": "Japan", "lat": 43.0618, "lng": 141.3545},
  {"name": "Kobe", "country": "Japan", "lat": 34.6901, "lng": 135.1956},
  {"name": "Kyoto", "country": "Japan", "lat": 35.0116, "lng": 135.7681},
  {"name": "Yokohama", "country": "Japan", "lat": 35.4437, "lng": 139.6380},
  {"name": "Busan", "country": "South Korea", "lat": 35.1796, "lng": 129.0756},
  {"name": "Incheon", "country": "South Korea", "lat": 37.4563, "lng": 126.7052},
  {"name": "Daegu", "country": "South Korea", "lat": 35.8714, "lng": 128.6014},
  {"name": "Kaohsiung", "country": "Taiwan", "lat": 22.6273, "lng": 120.3014},
  {"name": "Taichung", "country": "Taiwan", "lat": 24.1477, "lng": 120.6736},
  {"name": "Surabaya", "country": "Indonesia", "lat": -7.2575, "lng": 112.7521},
  {"name": "Bandung", "country": "Indonesia", "lat": -6.9175, "lng": 107.6191},
  {"name": "Medan", "country": "Indonesia", "lat": 3.5952, "lng": 98.6722},
  {"name": "Semarang", "country": "Indonesia", "lat": -6.9666, "lng": 110.4196},
  {"name": "Makassar", "country": "Indonesia", "lat": -5.1477, "lng": 119.4327},
  {"name": "Cebu City", "country": "Philippines", "lat": 10.3157, "lng": 123.8854},
  {"name": "Davao City", "country": "Philippines", "lat": 7.1907, "lng": 125.4553},
  {"name": "Quezon City", "country": "Philippines", "lat": 14.6760, "lng": 121.0437},
  {"name": "Thiruvananthapuram", "country": "India", "lat": 8.5241, "lng": 76.9366},
  {"name": "Kochi", "country": "India", "lat": 9.9312, "lng": 76.2673},
  {"name": "Kozhikode", "country": "India", "lat": 11.2588, "lng": 75.7804},
  {"name": "Thrissur", "country": "India", "lat": 10.5276, "lng": 76.2144},
  {"name": "Mangalore", "country": "India", "lat": 12.9141, "lng": 74.8560},
  {"name": "Mysore", "country": "India", "lat": 12.2958, "lng": 76.6394},
  {"name": "Hubli", "country": "India", "lat": 15.3647, "lng": 75.1240},
  {"name": "Belgaum", "country": "India", "lat": 15.8497, "lng": 74.4977},
  {"name": "Vijayawada", "country": "India", "lat": 16.5062, "lng": 80.6480},
  {"name": "Guntur", "country": "India", "lat": 16.3067, "lng": 80.4365},
  {"name": "Nellore", "country": "India", "lat": 14.4426, "lng": 79.9865},
  {"name": "Kurnool", "country": "India", "lat": 15.8281, "lng": 78.0373},
  {"name": "Rajahmundry", "country": "India", "lat": 17.0005, "lng": 81.8040},
  {"name": "Tirupati", "country": "India", "lat": 13.6288, "lng": 79.4192},
  {"name": "Kakinada", "country": "India", "lat": 16.9891, "lng": 82.2475},
  {"name": "Warangal", "country": "India", "lat": 17.9689, "lng": 79.5941},
  {"name": "Nizamabad", "country": "India", "lat": 18.6725, "lng": 78.0940},
  {"name": "Karimnagar", "country": "India", "lat": 18.4386, "lng": 79.1288},
  {"name": "Tiruchirappalli", "country": "India", "lat": 10.7905, "lng": 78.7047},
  {"name": "Salem", "country": "India", "lat": 11.6643, "lng": 78.1460},
  {"name": "Tirunelveli", "country": "India", "lat": 8.7139, "lng": 77.7567},
  {"name": "Erode", "country": "India", "lat": 11.3410, "lng": 77.7172},
  {"name": "Vellore", "country": "India", "lat": 12.9165, "lng": 79.1325},
  {"name": "Thoothukudi", "country": "India", "lat": 8.7642, "lng": 78.1348},
  {"name": "Dindigul", "country": "India", "lat": 10.3673, "lng": 77.9803},
  {"name": "Thanjavur", "country": "India", "lat": 10.7870, "lng": 79.1378},
  {"name": "Bhubaneswar", "country": "India", "lat": 20.2961, "lng": 85.8245},
  {"name": "Cuttack", "country": "India", "lat": 20.4625, "lng": 85.8830},
  {"name": "Rourkela", "country": "India", "lat": 22.2604, "lng": 84.8536},
  {"name": "Brahmapur", "country": "India", "lat": 19.3150, "lng": 84.7941},
  {"name": "Sambalpur", "country": "India", "lat": 21.4669, "lng": 83.9812},
  {"name": "Guwahati", "country": "India", "lat": 26.1445, "lng": 91.7362},
  {"name": "Silchar", "country": "India", "lat": 24.8333, "lng": 92.7789},
  {"name": "Dibrugarh", "country": "India", "lat": 27.4728, "lng": 94.9120},
  {"name": "Jorhat", "country": "India", "lat": 26.7509, "lng": 94.2037},
  {"name": "Imphal", "country": "India", "lat": 24.8170, "lng": 93.9368},
  {"name": "Shillong", "country": "India", "lat": 25.5788, "lng": 91.8933},
  {"name": "Aizawl", "country": "India", "lat": 23.7271, "lng": 92.7176},
  {"name": "Kohima", "country": "India", "lat": 25.6751, "lng": 94.1086},
  {"name": "Itanagar", "country": "India", "lat": 27.0844, "lng": 93.6053},
  {"name": "Agartala", "country": "India", "lat": 23.8315, "lng": 91.2868},
  {"name": "Gangtok", "country": "India", "lat": 27.3389, "lng": 88.6065},
  {"name": "Dehradun", "country": "India", "lat": 30.3165, "lng": 78.0322},
  {"name": "Haridwar", "country": "India", "lat": 29.9457, "lng": 78.1642},
  {"name": "Rishikesh", "country": "India", "lat": 30.0869, "lng": 78.2676},
  {"name": "Nainital", "country": "India", "lat": 29.3919, "lng": 79.4542},
  {"name": "Shimla", "country": "India", "lat": 31.1048, "lng": 77.1734},
  {"name": "Manali", "country": "India", "lat": 32.2432, "lng": 77.1892},
  {"name": "Dharamshala", "country": "India", "lat": 32.2190, "lng": 76.3234},
  {"name": "Kullu", "country": "India", "lat": 31.9579, "lng": 77.1095},
  {"name": "Srinagar", "country": "India", "lat": 34.0837, "lng": 74.7973},
  {"name": "Jammu", "country": "India", "lat": 32.7266, "lng": 74.8570},
  {"name": "Leh", "country": "India", "lat": 34.1526, "lng": 77.5771},
  {"name": "Chandigarh", "country": "India", "lat": 30.7333, "lng": 76.7794},
  {"name": "Amritsar", "country": "India", "lat": 31.6340, "lng": 74.8723},
  {"name": "Jalandhar", "country": "India", "lat": 31.3260, "lng": 75.5762},
  {"name": "Patiala", "country": "India", "lat": 30.3398, "lng": 76.3869},
  {"name": "Bathinda", "country": "India", "lat": 30.2110, "lng": 74.9455},
  {"name": "Mohali", "country": "India", "lat": 30.7046, "lng": 76.7179},
  {"name": "Jodhpur", "country": "India", "lat": 26.2389, "lng": 73.0243},
  {"name": "Udaipur", "country": "India", "lat": 24.5854, "lng": 73.7125},
  {"name": "Kota", "country": "India", "lat": 25.2138, "lng": 75.8648},
  {"name": "Bikaner", "country": "India", "lat": 28.0229, "lng": 73.3119},
  {"name": "Ajmer", "country": "India", "lat": 26.4499, "lng": 74.6399},
  {"name": "Alwar", "country": "India", "lat": 27.5530, "lng": 76.6346},
  {"name": "Bhilwara", "country": "India", "lat": 25.3407, "lng": 74.6313},
  {"name": "Sikar", "country": "India", "lat": 27.6094, "lng": 75.1399},
  {"name": "Raipur", "country": "India", "lat": 21.2514, "lng": 81.6296},
  {"name": "Bhilai", "country": "India", "lat": 21.2167, "lng": 81.3500},
  {"name": "Bilaspur", "country": "India", "lat": 22.0797, "lng": 82.1391},
  {"name": "Korba", "country": "India", "lat": 22.3595, "lng": 82.7501},
  {"name": "Gwalior", "country": "India", "lat": 26.2183, "lng": 78.1828},
  {"name": "Ujjain", "country": "India", "lat": 23.1765, "lng": 75.7885},
  {"name": "Sagar", "country": "India", "lat": 23.8388, "lng": 78.7378},
  {"name": "Dewas", "country": "India", "lat": 22.9676, "lng": 76.0534},
  {"name": "Satna", "country": "India", "lat": 24.6005, "lng": 80.8322},
  {"name": "Ratlam", "country": "India", "lat": 23.3315, "lng": 75.0367},
  {"name": "Aurangabad", "country": "India", "lat": 19.8762, "lng": 75.3433},
  {"name": "Kolhapur", "country": "India", "lat": 16.7050, "lng": 74.2433},
  {"name": "Solapur", "country": "India", "lat": 17.6599, "lng": 75.9064},
  {"name": "Thane", "country": "India", "lat": 19.2183, "lng": 72.9781},
  {"name": "Navi Mumbai", "country": "India", "lat": 19.0330, "lng": 73.0297},
  {"name": "Kalyan", "country": "India", "lat": 19.2437, "lng": 73.1355},
  {"name": "Vasai-Virar", "country": "India", "lat": 19.4700, "lng": 72.8000},
  {"name": "Bhiwandi", "country": "India", "lat": 19.2967, "lng": 73.0631},
  {"name": "Amravati", "country": "India", "lat": 20.9374, "lng": 77.7796},
  {"name": "Nanded", "country": "India", "lat": 19.1383, "lng": 77.3210},
  {"name": "Sangli", "country": "India", "lat": 16.8524, "lng": 74.5815},
  {"name": "Jalgaon", "country": "India", "lat": 21.0077, "lng": 75.5626},
  {"name": "Akola", "country": "India", "lat": 20.7002, "lng": 77.0082},
  {"name": "Latur", "country": "India", "lat": 18.4088, "lng": 76.5604},
  {"name": "Ahmednagar", "country": "India", "lat": 19.0948, "lng": 74.7480},
  {"name": "Prayagraj", "country": "India", "lat": 25.4358, "lng": 81.8463},
  {"name": "Gorakhpur", "country": "India", "lat": 26.7606, "lng": 83.3732},
  {"name": "Noida", "country": "India", "lat": 28.5355, "lng": 77.3910},
  {"name": "Greater Noida", "country": "India", "lat": 28.4744, "lng": 77.5040},
  {"name": "Aligarh", "country": "India", "lat": 27.8974, "lng": 78.0880},
  {"name": "Moradabad", "country": "India", "lat": 28.8386, "lng": 78.7733},
  {"name": "Saharanpur", "country": "India", "lat": 29.9680, "lng": 77.5510},
  {"name": "Bareilly", "country": "India", "lat": 28.3670, "lng": 79.4304},
  {"name": "Jhansi", "country": "India", "lat": 25.4484, "lng": 78.5685},
  {"name": "Firozabad", "country": "India", "lat": 27.1591, "lng": 78.3957},
  {"name": "Muzaffarnagar", "country": "India", "lat": 29.4727, "lng": 77.7085},
  {"name": "Mathura", "country": "India", "lat": 27.4924, "lng": 77.6737},
  {"name": "Ayodhya", "country": "India", "lat": 26.7922, "lng": 82.1998},
  {"name": "Faridabad", "country": "India", "lat": 28.4089, "lng": 77.3178},
  {"name": "Gurugram", "country": "India", "lat": 28.4595, "lng": 77.0266},
  {"name": "Panipat", "country": "India", "lat": 29.3909, "lng": 76.9635},
  {"name": "Ambala", "country": "India", "lat": 30.3782, "lng": 76.7767},
  {"name": "Yamunanagar", "country": "India", "lat": 30.1290, "lng": 77.2674},
  {"name": "Rohtak", "country": "India", "lat": 28.8955, "lng": 76.6066},
  {"name": "Hisar", "country": "India", "lat": 29.1492, "lng": 75.7217},
  {"name": "Karnal", "country": "India", "lat": 29.6857, "lng": 76.9905},
  {"name": "Sonipat", "country": "India", "lat": 28.9288, "lng": 77.0913},
  {"name": "Panchkula", "country": "India", "lat": 30.6942, "lng": 76.8606},
  {"name": "Bhagalpur", "country": "India", "lat": 25.2425, "lng": 86.9842},
  {"name": "Muzaffarpur", "country": "India", "lat": 26.1209, "lng": 85.3647},
  {"name": "Gaya", "country": "India", "lat": 24.7955, "lng": 85.0002},
  {"name": "Darbhanga", "country": "India", "lat": 26.1542, "lng": 85.8918},
  {"name": "Purnia", "country": "India", "lat": 25.7771, "lng": 87.4753},
  {"name": "Bihar Sharif", "country": "India", "lat": 25.1982, "lng": 85.5204},
  {"name": "Arrah", "country": "India", "lat": 25.5541, "lng": 84.6603},
  {"name": "Begusarai", "country": "India", "lat": 25.4182, "lng": 86.1272},
  {"name": "Jamshedpur", "country": "India", "lat": 22.8046, "lng": 86.2029},
  {"name": "Dhanbad", "country": "India", "lat": 23.7957, "lng": 86.4304},
  {"name": "Bokaro", "country": "India", "lat": 23.6693, "lng": 86.1511},
  {"name": "Deoghar", "country": "India", "lat": 24.4764, "lng": 86.6944},
  {"name": "Hazaribagh", "country": "India", "lat": 23.9966, "lng": 85.3591},
  {"name": "Asansol", "country": "India", "lat": 23.6739, "lng": 86.9524},
  {"name": "Siliguri", "country": "India", "lat": 26.7271, "lng": 88.3953},
  {"name": "Durgapur", "country": "India", "lat": 23.5204, "lng": 87.3119},
  {"name": "Bardhaman", "country": "India", "lat": 23.2324, "lng": 87.8615},
  {"name": "Malda", "country": "India", "lat": 25.0108, "lng": 88.1411},
  {"name": "Baharampur", "country": "India", "lat": 24.1052, "lng": 88.2515},
  {"name": "Haldia", "country": "India", "lat": 22.0667, "lng": 88.0698},
  {"name": "Kharagpur", "country": "India", "lat": 22.3460, "lng": 87.2320},
  {"name": "Darjeeling", "country": "India", "lat": 27.0410, "lng": 88.2663},
  {"name": "Howrah", "country": "India", "lat": 22.5958, "lng": 88.2636},
  {"name": "Panaji", "country": "India", "lat": 15.4909, "lng": 73.8278},
  {"name": "Margao", "country": "India", "lat": 15.2832, "lng": 73.9862},
  {"name": "Vasco da Gama", "country": "India", "lat": 15.3982, "lng": 73.8113},
  {"name": "Pondicherry", "country": "India", "lat": 11.9416, "lng": 79.8083},
  {"name": "Port Blair", "country": "India", "lat": 11.6234, "lng": 92.7265},
  {"name": "Silvassa", "country": "India", "lat": 20.2766, "lng": 73.0169},
  {"name": "Daman", "country": "India", "lat": 20.3974, "lng": 72.8328},
  {"name": "Kavaratti", "country": "India", "lat": 10.5626, "lng": 72.6369},
  {"name": "Frankfurt", "country": "Germany", "lat": 50.1109, "lng": 8.6821},
  {"name": "Hamburg", "country": "Germany", "lat": 53.5511, "lng": 9.9937},
  {"name": "Cologne", "country": "Germany", "lat": 50.9375, "lng": 6.9603},
  {"name": "Stuttgart", "country": "Germany", "lat": 48.7758, "lng": 9.1829},
  {"name": "Dusseldorf", "country": "Germany", "lat": 51.2277, "lng": 6.7735},
  {"name": "Dortmund", "country": "Germany", "lat": 51.5136, "lng": 7.4653},
  {"name": "Essen", "country": "Germany", "lat": 51.4556, "lng": 7.0116},
  {"name": "Leipzig", "country": "Germany", "lat": 51.3397, "lng": 12.3731},
  {"name": "Dresden", "country": "Germany", "lat": 51.0504, "lng": 13.7373},
  {"name": "Hanover", "country": "Germany", "lat": 52.3759, "lng": 9.7320},
  {"name": "Nuremberg", "country": "Germany", "lat": 49.4521, "lng": 11.0767},
  {"name": "Lyon", "country": "France", "lat": 45.7640, "lng": 4.8357},
  {"name": "Marseille", "country": "France", "lat": 43.2965, "lng": 5.3698},
  {"name": "Toulouse", "country": "France", "lat": 43.6047, "lng": 1.4442},
  {"name": "Nice", "country": "France", "lat": 43.7102, "lng": 7.2620},
  {"name": "Nantes", "country": "France", "lat": 47.2184, "lng": -1.5536},
  {"name": "Strasbourg", "country": "France", "lat": 48.5734, "lng": 7.7521},
  {"name": "Bordeaux", "country": "France", "lat": 44.8378, "lng": -0.5792},
  {"name": "Lille", "country": "France", "lat": 50.6292, "lng": 3.0573},
  {"name": "Rennes", "country": "France", "lat": 48.1173, "lng": -1.6778},
  {"name": "Naples", "country": "Italy", "lat": 40.8518, "lng": 14.2681},
  {"name": "Turin", "country": "Italy", "lat": 45.0703, "lng": 7.6869},
  {"name": "Palermo", "country": "Italy", "lat": 38.1157, "lng": 13.3615},
  {"name": "Genoa", "country": "Italy", "lat": 44.4056, "lng": 8.9463},
  {"name": "Bologna", "country": "Italy", "lat": 44.4949, "lng": 11.3426},
  {"name": "Florence", "country": "Italy", "lat": 43.7696, "lng": 11.2558},
  {"name": "Venice", "country": "Italy", "lat": 45.4408, "lng": 12.3155},
  {"name": "Verona", "country": "Italy", "lat": 45.4384, "lng": 10.9916},
  {"name": "Valencia", "country": "Spain", "lat": 39.4699, "lng": -0.3763},
  {"name": "Seville", "country": "Spain", "lat": 37.3891, "lng": -5.9845},
  {"name": "Zaragoza", "country": "Spain", "lat": 41.6488, "lng": -0.8891},
  {"name": "Malaga", "country": "Spain", "lat": 36.7213, "lng": -4.4214},
  {"name": "Bilbao", "country": "Spain", "lat": 43.2630, "lng": -2.9350},
  {"name": "Alicante", "country": "Spain", "lat": 38.3452, "lng": -0.4810},
  {"name": "Cordoba", "country": "Spain", "lat": 37.8882, "lng": -4.7794},
  {"name": "Granada", "country": "Spain", "lat": 37.1773, "lng": -3.5986},
  {"name": "Porto", "country": "Portugal", "lat": 41.1579, "lng": -8.6291},
  {"name": "Braga", "country": "Portugal", "lat": 41.5454, "lng": -8.4265},
  {"name": "Coimbra", "country": "Portugal", "lat": 40.2033, "lng": -8.4103},
  {"name": "Krakow", "country": "Poland", "lat": 50.0647, "lng": 19.9450},
  {"name": "Lodz", "country": "Poland", "lat": 51.7592, "lng": 19.4560},
  {"name": "Wroclaw", "country": "Poland", "lat": 51.1079, "lng": 17.0385},
  {"name": "Poznan", "country": "Poland", "lat": 52.4064, "lng": 16.9252},
  {"name": "Gdansk", "country": "Poland", "lat": 54.3520, "lng": 18.6466},
  {"name": "Szczecin", "country": "Poland", "lat": 53.4285, "lng": 14.5528},
  {"name": "Brno", "country": "Czech Republic", "lat": 49.1951, "lng": 16.6068},
  {"name": "Ostrava", "country": "Czech Republic", "lat": 49.8209, "lng": 18.2625},
  {"name": "Pilsen", "country": "Czech Republic", "lat": 49.7384, "lng": 13.3736},
  {"name": "Gothenburg", "country": "Sweden", "lat": 57.7089, "lng": 11.9746},
  {"name": "Malmo", "country": "Sweden", "lat": 55.6050, "lng": 13.0038},
  {"name": "Uppsala", "country": "Sweden", "lat": 59.8586, "lng": 17.6389},
  {"name": "Bergen", "country": "Norway", "lat": 60.3913, "lng": 5.3221},
  {"name": "Trondheim", "country": "Norway", "lat": 63.4305, "lng": 10.3951},
  {"name": "Stavanger", "country": "Norway", "lat": 58.9700, "lng": 5.7331},
  {"name": "Aarhus", "country": "Denmark", "lat": 56.1629, "lng": 10.2039},
  {"name": "Odense", "country": "Denmark", "lat": 55.4038, "lng": 10.4024},
  {"name": "Aalborg", "country": "Denmark", "lat": 57.0488, "lng": 9.9217},
  {"name": "Tampere", "country": "Finland", "lat": 61.4978, "lng": 23.7610},
  {"name": "Turku", "country": "Finland", "lat": 60.4518, "lng": 22.2666},
  {"name": "Oulu", "country": "Finland", "lat": 65.0121, "lng": 25.4651},
  {"name": "Rotterdam", "country": "Netherlands", "lat": 51.9244, "lng": 4.4777},
  {"name": "The Hague", "country": "Netherlands", "lat": 52.0705, "lng": 4.3007},
  {"name": "Utrecht", "country": "Netherlands", "lat": 52.0907, "lng": 5.1214},
  {"name": "Eindhoven", "country": "Netherlands", "lat": 51.4416, "lng": 5.4697},
  {"name": "Antwerp", "country": "Belgium", "lat": 51.2194, "lng": 4.4025},
  {"name": "Ghent", "country": "Belgium", "lat": 51.0543, "lng": 3.7174},
  {"name": "Charleroi", "country": "Belgium", "lat": 50.4108, "lng": 4.4446},
  {"name": "Liege", "country": "Belgium", "lat": 50.6326, "lng": 5.5797},
  {"name": "Basel", "country": "Switzerland", "lat": 47.5596, "lng": 7.5886},
  {"name": "Bern", "country": "Switzerland", "lat": 46.9480, "lng": 7.4474},
  {"name": "Lausanne", "country": "Switzerland", "lat": 46.5197, "lng": 6.6323},
  {"name": "Salzburg", "country": "Austria", "lat": 47.8095, "lng": 13.0550},
  {"name": "Innsbruck", "country": "Austria", "lat": 47.2692, "lng": 11.4041},
  {"name": "Graz", "country": "Austria", "lat": 47.0707, "lng": 15.4395},
  {"name": "Linz", "country": "Austria", "lat": 48.3069, "lng": 14.2858},
  {"name": "Cork", "country": "Ireland", "lat": 51.8985, "lng": -8.4756},
  {"name": "Galway", "country": "Ireland", "lat": 53.2707, "lng": -9.0568},
  {"name": "Limerick", "country": "Ireland", "lat": 52.6638, "lng": -8.6267},
  {"name": "Manchester", "country": "UK", "lat": 53.4808, "lng": -2.2426},
  {"name": "Birmingham", "country": "UK", "lat": 52.4862, "lng": -1.8904},
  {"name": "Glasgow", "country": "UK", "lat": 55.8642, "lng": -4.2518},
  {"name": "Liverpool", "country": "UK", "lat": 53.4084, "lng": -2.9916},
  {"name": "Edinburgh", "country": "UK", "lat": 55.9533, "lng": -3.1883},
  {"name": "Leeds", "country": "UK", "lat": 53.8008, "lng": -1.5491},
  {"name": "Sheffield", "country": "UK", "lat": 53.3811, "lng": -1.4701},
  {"name": "Bristol", "country": "UK", "lat": 51.4545, "lng": -2.5879},
  {"name": "Newcastle", "country": "UK", "lat": 54.9783, "lng": -1.6178},
  {"name": "Belfast", "country": "UK", "lat": 54.5973, "lng": -5.9301},
  {"name": "Cardiff", "country": "UK", "lat": 51.4816, "lng": -3.1791},
  {"name": "Oxford", "country": "UK", "lat": 51.7520, "lng": -1.2577},
  {"name": "Cambridge", "country": "UK", "lat": 52.2053, "lng": 0.1218},
  {"name": "Novosibirsk", "country": "Russia", "lat": 55.0084, "lng": 82.9357},
  {"name": "Yekaterinburg", "country": "Russia", "lat": 56.8389, "lng": 60.6057},
  {"name": "Nizhny Novgorod", "country": "Russia", "lat": 56.2965, "lng": 43.9361},
  {"name": "Kazan", "country": "Russia", "lat": 55.8304, "lng": 49.0661},
  {"name": "Chelyabinsk", "country": "Russia", "lat": 55.1644, "lng": 61.4368},
  {"name": "Samara", "country": "Russia", "lat": 53.1959, "lng": 50.1002},
  {"name": "Omsk", "country": "Russia", "lat": 54.9885, "lng": 73.3242},
  {"name": "Rostov-on-Don", "country": "Russia", "lat": 47.2357, "lng": 39.7015},
  {"name": "Ufa", "country": "Russia", "lat": 54.7388, "lng": 55.9721},
  {"name": "Krasnoyarsk", "country": "Russia", "lat": 56.0153, "lng": 92.8932},
  {"name": "Perm", "country": "Russia", "lat": 58.0105, "lng": 56.2502},
  {"name": "Voronezh", "country": "Russia", "lat": 51.6720, "lng": 39.1843},
  {"name": "Volgograd", "country": "Russia", "lat": 48.7080, "lng": 44.5133},
  {"name": "Vladivostok", "country": "Russia", "lat": 43.1056, "lng": 131.8735},
  {"name": "Irkutsk", "country": "Russia", "lat": 52.2870, "lng": 104.3050},
  {"name": "Khabarovsk", "country": "Russia", "lat": 48.4827, "lng": 135.0838},
  {"name": "Sochi", "country": "Russia", "lat": 43.6028, "lng": 39.7342},
  {"name": "Almaty", "country": "Kazakhstan", "lat": 43.2220, "lng": 76.8512},
  {"name": "Nur-Sultan", "country": "Kazakhstan", "lat": 51.1694, "lng": 71.4491},
  {"name": "Shymkent", "country": "Kazakhstan", "lat": 42.3417, "lng": 69.5901},
  {"name": "Kharkiv", "country": "Ukraine", "lat": 49.9935, "lng": 36.2304},
  {"name": "Odessa", "country": "Ukraine", "lat": 46.4825, "lng": 30.7233},
  {"name": "Dnipro", "country": "Ukraine", "lat": 48.4647, "lng": 35.0462},
  {"name": "Lviv", "country": "Ukraine", "lat": 49.8397, "lng": 24.0297},
  {"name": "Donetsk", "country": "Ukraine", "lat": 48.0159, "lng": 37.8029},
  {"name": "Zaporizhzhia", "country": "Ukraine", "lat": 47.8388, "lng": 35.1396},
  {"name": "Izmir", "country": "Turkey", "lat": 38.4192, "lng": 27.1287},
  {"name": "Bursa", "country": "Turkey", "lat": 40.1885, "lng": 29.0610},
  {"name": "Antalya", "country": "Turkey", "lat": 36.8969, "lng": 30.7133},
  {"name": "Adana", "country": "Turkey", "lat": 36.9914, "lng": 35.3308},
  {"name": "Gaziantep", "country": "Turkey", "lat": 37.0662, "lng": 37.3833},
  {"name": "Konya", "country": "Turkey", "lat": 37.8746, "lng": 32.4932},
  {"name": "Mersin", "country": "Turkey", "lat": 36.8121, "lng": 34.6415},
  {"name": "Diyarbakir", "country": "Turkey", "lat": 37.9144, "lng": 40.2306},
  {"name": "Kayseri", "country": "Turkey", "lat": 38.7312, "lng": 35.4787},
  {"name": "Eskisehir", "country": "Turkey", "lat": 39.7767, "lng": 30.5206},
  {"name": "Shiraz", "country": "Iran", "lat": 29.5918, "lng": 52.5836},
  {"name": "Isfahan", "country": "Iran", "lat": 32.6546, "lng": 51.6680},
  {"name": "Mashhad", "country": "Iran", "lat": 36.2605, "lng": 59.6168},
  {"name": "Tabriz", "country": "Iran", "lat": 38.0962, "lng": 46.2738},
  {"name": "Karaj", "country": "Iran", "lat": 35.8400, "lng": 50.9391},
  {"name": "Ahvaz", "country": "Iran", "lat": 31.3183, "lng": 48.6706},
  {"name": "Qom", "country": "Iran", "lat": 34.6416, "lng": 50.8746},
  {"name": "Kerman", "country": "Iran", "lat": 30.2839, "lng": 57.0834},
  {"name": "Shijiazhuang", "country": "China", "lat": 38.0428, "lng": 114.5149},
  {"name": "Taiyuan", "country": "China", "lat": 37.8706, "lng": 112.5489},
  {"name": "Zhengzhou", "country": "China", "lat": 34.7472, "lng": 113.6249},
  {"name": "Changchun", "country": "China", "lat": 43.8171, "lng": 125.3235},
  {"name": "Fuzhou", "country": "China", "lat": 26.0745, "lng": 119.2965},
  {"name": "Xiamen", "country": "China", "lat": 24.4798, "lng": 118.0894},
  {"name": "Hefei", "country": "China", "lat": 31.8206, "lng": 117.2272},
  {"name": "Nanchang", "country": "China", "lat": 28.6820, "lng": 115.8579},
  {"name": "Nanning", "country": "China", "lat": 22.8170, "lng": 108.3665},
  {"name": "Guiyang", "country": "China", "lat": 26.6470, "lng": 106.6302},
  {"name": "Urumqi", "country": "China", "lat": 43.8256, "lng": 87.6168},
  {"name": "Lanzhou", "country": "China", "lat": 36.0611, "lng": 103.8343},
  {"name": "Lhasa", "country": "China", "lat": 29.6500, "lng": 91.1000},
  {"name": "Hiroshima", "country": "Japan", "lat": 34.3853, "lng": 132.4553},
  {"name": "Sendai", "country": "Japan", "lat": 38.2682, "lng": 140.8694},
  {"name": "Kitakyushu", "country": "Japan", "lat": 33.8835, "lng": 130.8752},
  {"name": "Chiba", "country": "Japan", "lat": 35.6073, "lng": 140.1063},
  {"name": "Sakai", "country": "Japan", "lat": 34.5733, "lng": 135.4831},
  {"name": "Niigata", "country": "Japan", "lat": 37.9162, "lng": 139.0364},
  {"name": "Hamamatsu", "country": "Japan", "lat": 34.7108, "lng": 137.7261},
  {"name": "Shizuoka", "country": "Japan", "lat": 34.9756, "lng": 138.3828},
  {"name": "Okayama", "country": "Japan", "lat": 34.6551, "lng": 133.9195},
  {"name": "Kumamoto", "country": "Japan", "lat": 32.8032, "lng": 130.7079},
  {"name": "Kagoshima", "country": "Japan", "lat": 31.5966, "lng": 130.5571},
  {"name": "Naha", "country": "Japan", "lat": 26.2124, "lng": 127.6809},
  {"name": "Gwangju", "country": "South Korea", "lat": 35.1595, "lng": 126.8526},
  {"name": "Daejeon", "country": "South Korea", "lat": 36.3504, "lng": 127.3845},
  {"name": "Ulsan", "country": "South Korea", "lat": 35.5384, "lng": 129.3114},
  {"name": "Suwon", "country": "South Korea", "lat": 37.2636, "lng": 127.0286},
  {"name": "Changwon", "country": "South Korea", "lat": 35.2281, "lng": 128.6811},
  {"name": "Goyang", "country": "South Korea", "lat": 37.6584, "lng": 126.8320},
  {"name": "Adelaide", "country": "Australia", "lat": -34.9285, "lng": 138.6007},
  {"name": "Gold Coast", "country": "Australia", "lat": -28.0167, "lng": 153.4000},
  {"name": "Canberra", "country": "Australia", "lat": -35.2809, "lng": 149.1300},
  {"name": "Newcastle", "country": "Australia", "lat": -32.9283, "lng": 151.7817},
  {"name": "Wollongong", "country": "Australia", "lat": -34.4278, "lng": 150.8931},
  {"name": "Hobart", "country": "Australia", "lat": -42.8821, "lng": 147.3272},
  {"name": "Darwin", "country": "Australia", "lat": -12.4634, "lng": 130.8456},
  {"name": "Christchurch", "country": "New Zealand", "lat": -43.5321, "lng": 172.6362},
  {"name": "Hamilton", "country": "New Zealand", "lat": -37.7870, "lng": 175.2793},
  {"name": "Tauranga", "country": "New Zealand", "lat": -37.6878, "lng": 176.1651},
  {"name": "Dunedin", "country": "New Zealand", "lat": -45.8788, "lng": 170.5028},
  {"name": "Palembang", "country": "Indonesia", "lat": -2.9761, "lng": 104.7754},
  {"name": "Batam", "country": "Indonesia", "lat": 1.0456, "lng": 104.0305},
  {"name": "Pekanbaru", "country": "Indonesia", "lat": 0.5071, "lng": 101.4478},
  {"name": "Banjarmasin", "country": "Indonesia", "lat": -3.3194, "lng": 114.5900},
  {"name": "Padang", "country": "Indonesia", "lat": -0.9471, "lng": 100.4172},
  {"name": "Denpasar", "country": "Indonesia", "lat": -8.6705, "lng": 115.2126},
  {"name": "Malang", "country": "Indonesia", "lat": -7.9786, "lng": 112.6317},
  {"name": "Samarinda", "country": "Indonesia", "lat": -0.5022, "lng": 117.1536},
  {"name": "Balikpapan", "country": "Indonesia", "lat": -1.2379, "lng": 116.8529},
  {"name": "Chiang Mai", "country": "Thailand", "lat": 18.7883, "lng": 98.9853},
  {"name": "Pattaya", "country": "Thailand", "lat": 12.9236, "lng": 100.8825},
  {"name": "Phuket", "country": "Thailand", "lat": 7.8804, "lng": 98.3923},
  {"name": "Hat Yai", "country": "Thailand", "lat": 7.0086, "lng": 100.4747},
  {"name": "Nakhon Ratchasima", "country": "Thailand", "lat": 14.9799, "lng": 102.0977},
  {"name": "Khon Kaen", "country": "Thailand", "lat": 16.4419, "lng": 102.8360},
  {"name": "Udon Thani", "country": "Thailand", "lat": 17.4156, "lng": 102.7872},
  {"name": "Chon Buri", "country": "Thailand", "lat": 13.3611, "lng": 100.9847},
  {"name": "George Town", "country": "Malaysia", "lat": 5.4141, "lng": 100.3288},
  {"name": "Ipoh", "country": "Malaysia", "lat": 4.5975, "lng": 101.0901},
  {"name": "Johor Bahru", "country": "Malaysia", "lat": 1.4927, "lng": 103.7414},
  {"name": "Malacca", "country": "Malaysia", "lat": 2.1896, "lng": 102.2501},
  {"name": "Kuching", "country": "Malaysia", "lat": 1.5535, "lng": 110.3593},
  {"name": "Kota Kinabalu", "country": "Malaysia", "lat": 5.9804, "lng": 116.0735},
  {"name": "Shah Alam", "country": "Malaysia", "lat": 3.0733, "lng": 101.5185},
  {"name": "Petaling Jaya", "country": "Malaysia", "lat": 3.1073, "lng": 101.6067},
  {"name": "Can Tho", "country": "Vietnam", "lat": 10.0452, "lng": 105.7469},
  {"name": "Da Nang", "country": "Vietnam", "lat": 16.0544, "lng": 108.2022},
  {"name": "Hai Phong", "country": "Vietnam", "lat": 20.8449, "lng": 106.6881},
  {"name": "Bien Hoa", "country": "Vietnam", "lat": 10.9574, "lng": 106.8426},
  {"name": "Nha Trang", "country": "Vietnam", "lat": 12.2388, "lng": 109.1967},
  {"name": "Hue", "country": "Vietnam", "lat": 16.4637, "lng": 107.5909},
  {"name": "Vung Tau", "country": "Vietnam", "lat": 10.3460, "lng": 107.0843},
  {"name": "Da Lat", "country": "Vietnam", "lat": 11.9404, "lng": 108.4583},
  {"name": "Siem Reap", "country": "Cambodia", "lat": 13.3671, "lng": 103.8448},
  {"name": "Battambang", "country": "Cambodia", "lat": 13.1023, "lng": 103.1979},
  {"name": "Pokhara", "country": "Nepal", "lat": 28.2096, "lng": 83.9856},
  {"name": "Lalitpur", "country": "Nepal", "lat": 27.6588, "lng": 85.3247},
  {"name": "Biratnagar", "country": "Nepal", "lat": 26.4525, "lng": 87.2718},
  {"name": "Bharatpur", "country": "Nepal", "lat": 27.6833, "lng": 84.4333},
  {"name": "Birgunj", "country": "Nepal", "lat": 27.0104, "lng": 84.8821}
]
